<component name="InspectionProjectProfileManager">
  <profile version="1.0">
    <option name="myName" value="Project Default" />
    <inspection_tool class="BadExpressionStatementJS" enabled="false" level="WEAK WARNING" enabled_by_default="false" />
    <inspection_tool class="CheckEmptyScriptTag" enabled="false" level="WARNING" enabled_by_default="false" />
    <inspection_tool class="CssUnknownProperty" enabled="true" level="WARNING" enabled_by_default="true">
      <option name="myCustomPropertiesEnabled" value="true" />
      <option name="myIgnoreVendorSpecificProperties" value="false" />
      <option name="myCustomPropertiesList">
        <value>
          <list size="1">
            <item index="0" class="java.lang.String" itemvalue="app-region" />
          </list>
        </value>
      </option>
    </inspection_tool>
    <inspection_tool class="HtmlDeprecatedAttribute" enabled="false" level="WARNING" enabled_by_default="false" />
    <inspection_tool class="HtmlDeprecatedTag" enabled="false" level="WARNING" enabled_by_default="false" />
    <inspection_tool class="HtmlFormInputWithoutLabel" enabled="false" level="WARNING" enabled_by_default="false" />
    <inspection_tool class="HtmlRequiredAltAttribute" enabled="false" level="WARNING" enabled_by_default="false" />
    <inspection_tool class="HtmlRequiredLangAttribute" enabled="false" level="WARNING" enabled_by_default="false" />
    <inspection_tool class="HtmlRequiredTitleElement" enabled="false" level="WARNING" enabled_by_default="false" />
    <inspection_tool class="HtmlUnknownAnchorTarget" enabled="false" level="WARNING" enabled_by_default="false" />
    <inspection_tool class="HtmlUnknownAttribute" enabled="false" level="WARNING" enabled_by_default="false">
      <option name="myValues">
        <value>
          <list size="7">
            <item index="0" class="java.lang.String" itemvalue="this" />
            <item index="1" class="java.lang.String" itemvalue="m-class" />
            <item index="2" class="java.lang.String" itemvalue="m-macro" />
            <item index="3" class="java.lang.String" itemvalue="m-macro-args" />
            <item index="4" class="java.lang.String" itemvalue="type" />
            <item index="5" class="java.lang.String" itemvalue="operation" />
            <item index="6" class="java.lang.String" itemvalue="number" />
          </list>
        </value>
      </option>
      <option name="myCustomValuesEnabled" value="true" />
    </inspection_tool>
    <inspection_tool class="HtmlUnknownTag" enabled="true" level="INFORMATION" enabled_by_default="true" editorAttributes="INFORMATION_ATTRIBUTES">
      <option name="myValues">
        <value>
          <list size="7">
            <item index="0" class="java.lang.String" itemvalue="m-import" />
            <item index="1" class="java.lang.String" itemvalue="init-script" />
            <item index="2" class="java.lang.String" itemvalue="m-macro" />
            <item index="3" class="java.lang.String" itemvalue="previa" />
            <item index="4" class="java.lang.String" itemvalue="interface" />
            <item index="5" class="java.lang.String" itemvalue="css" />
            <item index="6" class="java.lang.String" itemvalue="interface-export" />
          </list>
        </value>
      </option>
      <option name="myCustomValuesEnabled" value="true" />
    </inspection_tool>
    <inspection_tool class="HtmlUnknownTarget" enabled="false" level="WARNING" enabled_by_default="false" />
    <inspection_tool class="HtmlWrongAttributeValue" enabled="false" level="WARNING" enabled_by_default="false" />
    <inspection_tool class="RequiredAttributes" enabled="false" level="WARNING" enabled_by_default="false">
      <option name="myAdditionalRequiredHtmlAttributes" value="" />
    </inspection_tool>
  </profile>
</component>